run_idx,hidden_size,hidden_layers,val_loss
0,64,1,0.26433871047837393
1,64,3,0.25219698676041197
