run_idx,hidden_size,hidden_layers,val_loss
0,64,1,0.2610589989594051
1,64,3,0.23489977632250106
2,64,5,0.23455009503023966
3,128,1,0.24447651633194514
4,128,3,0.22049670560019358
5,128,5,0.21594512249742234
6,256,1,0.23227260368210928
7,256,3,0.21089869099003927
8,256,5,0.20880488625594548
