run_idx,hidden_size,hidden_layers,val_loss
0,64,1,0.2559333528791155
1,64,3,0.23855702791895186
2,64,5,0.23298980295658112
3,128,1,0.24351049108164652
4,128,3,0.2226657441684178
5,128,5,0.21644909892763411
6,256,1,0.2306981704064778
7,256,3,0.21014238893985748
8,256,5,0.2086954265832901
