run_idx,hidden_size,hidden_layers,val_loss
0,2048,1,0.20664243080786296
1,2048,2,0.20669851398893765
2,4096,1,0.20683525609118597
3,4096,2,0.20865644461342267
