run_idx,hidden_size,hidden_layers,val_loss
0,64,1,0.2637011281081608
1,64,3,0.2543060226099832
2,64,5,0.24413924770695822
3,128,1,0.2517304675919669
4,128,3,0.23273298357214248
5,128,5,0.23160410353115626
6,256,1,0.23810867539473943
7,256,3,0.21984916499682836
8,256,5,0.21641862392425537
