run_idx,hidden_size,hidden_layers,val_loss
0,64,1,0.26433871047837393
1,64,3,0.25219698676041197
2,64,5,0.2530316859483719
3,128,1,0.25099520811012815
4,128,3,0.23400616432939256
5,128,5,0.23098963499069214
6,256,1,0.23751939620290483
7,256,3,0.2194650024175644
8,256,5,0.21528214854853495
