run_idx,hidden_size,hidden_layers,val_loss
0,64,1,0.24600053472178324
1,64,3,0.244933477469853
2,64,5,0.24499342697007315
3,128,1,0.24432947167328425
4,128,3,0.2431034083877291
5,128,5,0.24306750084672654
6,256,1,0.24256115087441035
7,256,3,0.24296375257628305
8,256,5,0.24292607179709844
