run_idx,hidden_size,hidden_layers,val_loss
0,64,1,0.24608021123068674
1,64,3,0.24501355843884604
2,64,5,0.24498568900993892
3,128,1,0.2440183801310403
4,128,3,0.24310692719050817
5,128,5,0.24305011544908797
6,256,1,0.2394207226378577
7,256,3,0.2429597462926592
8,256,5,0.24290310059274947
