run_idx,hidden_size,hidden_layers,val_loss
0,64,1,0.24614971450396947
1,64,3,0.24492337235382625
2,64,5,0.24476046008723124
3,128,1,0.24189601625714982
4,128,3,0.24313017938818252
5,128,5,0.2430488829101835
6,256,1,0.22339904734066554
7,256,3,0.24295652764184134
8,256,5,0.2429244624716895
