run_idx,hidden_size,hidden_layers,val_loss
0,64,1,0.24680302611419133
1,64,3,0.24534601824624197
2,64,5,0.24522918462753296
3,128,1,0.2444720949445452
4,128,3,0.2431397544486182
5,128,5,0.24309673053877695
6,256,1,0.22255206533840724
7,256,3,0.2429450729063579
8,256,5,0.24292519688606262
