run_idx,hidden_size,hidden_layers,val_loss
0,2048,1,0.1886940034372466
1,2048,2,0.1878037905054433
2,4096,1,0.18779199889728002
3,4096,2,0.1857670902141503
