run_idx,max_interventions,val_loss
0,1,0.20452798317585671
1,5,0.20008866967899458
2,10,0.19461635021226747
3,15,0.1892041116952896
