run_idx,hidden_size,hidden_layers,val_loss
0,64,1,0.24633501257215226
1,64,3,0.24643530590193613
2,64,5,0.24633201318127768
3,128,1,0.24375827184745244
4,128,3,0.2432150159563337
5,128,5,0.24322970424379622
6,256,1,0.24026347271033696
7,256,3,0.23417842175279344
8,256,5,0.23865848566804612
