run_idx,hidden_size,hidden_layers,val_loss
0,2048,1,0.19111240655183792
1,2048,2,0.19431261558617866
2,4096,1,0.19296625682285853
3,4096,2,0.19544830758656775
