run_idx,hidden_size,hidden_layers,val_loss
0,64,1,0.24626913240977696
1,64,3,0.24608064762183599
2,64,5,0.2462916225194931
3,128,1,0.24380735627242497
4,128,3,0.24320911935397557
5,128,5,0.2431944395814623
6,256,1,0.23731552915913717
7,256,3,0.24141257788453782
8,256,5,0.24041065573692322
