run_idx,hidden_size,hidden_layers,val_loss
0,64,1,0.2469779998064041
1,64,3,0.24670487429414475
2,64,5,0.24730313675744192
3,128,1,0.24312743970326015
4,128,3,0.243292259318488
5,128,5,0.24327793717384338
6,256,1,0.2190988255398614
7,256,3,0.21450846535818918
8,256,5,0.2126109983239855
