run_idx,hidden_size,hidden_layers,val_loss
0,64,1,0.24631198814937047
1,64,3,0.2460091028894697
2,64,5,0.24612945531095778
3,128,1,0.24243429941790445
4,128,3,0.24316037126949855
5,128,5,0.24316648074558803
6,256,1,0.21939675297055924
7,256,3,0.21085623332432338
8,256,5,0.21228817956788198
