run_idx,max_interventions,val_loss
0,1,0.20172572614891188
1,5,0.19740519938724382
2,10,0.19090856984257698
3,15,0.18233899186764443
