run_idx,hidden_size,hidden_layers,val_loss
0,64,1,0.26963078124182566
1,64,3,0.25614667364529203
2,64,5,0.25543926869119915
3,128,1,0.2610251690660204
4,128,3,0.2526168269770486
5,128,5,0.2544043617589133
6,256,1,0.24790151417255402
7,256,3,0.2384753887142454
