run_idx,hidden_size,hidden_layers,val_loss
0,64,1,0.2694084218570164
1,64,3,0.25606406586510794
2,64,5,0.25527900883129667
3,128,1,0.26209768652915955
4,128,3,0.25277903250285555
5,128,5,0.2544386770044054
6,256,1,0.24848882215363638
7,256,3,0.23628903925418854
8,256,5,0.2513956108263561
