run_idx,hidden_size,hidden_layers,val_loss
0,64,1,0.26930815407208036
1,64,3,0.2535984218120575
2,64,5,0.2532604826348169
3,128,1,0.2559031503541129
4,128,3,0.2338597582919257
5,128,5,0.24851710030010768
6,256,1,0.24599572803292954
7,256,3,0.21751566444124495
8,256,5,0.24607476592063904
