run_idx,hidden_size,hidden_layers,val_loss
0,2048,1,0.20494812141571725
1,2048,2,0.2038758588688714
2,4096,1,0.204411581158638
