run_idx,hidden_size,hidden_layers,val_loss
0,64,1,0.2688694383416857
1,64,3,0.2539288912500654
2,64,5,0.25356267392635345
3,128,1,0.25810999955449787
4,128,3,0.23506506000246322
5,128,5,0.2486941431249891
6,256,1,0.24678962358406611
7,256,3,0.21784607427460806
8,256,5,0.2464138844183513
