run_idx,max_interventions,val_loss
0,1,0.20543913543224335
3,15,0.207070847174951
1,5,0.20445294305682182
2,10,0.20670478684561594
3,15,0.20771453902125359
