run_idx,hidden_size,hidden_layers,val_loss
0,2048,1,0.1915628021316869
1,2048,2,0.19379702370081628
2,4096,1,0.19146312400698662
3,4096,2,0.19449966454080173
