run_idx,hidden_size,hidden_layers,val_loss
0,64,1,0.24903171403067453
1,64,3,0.24666679756981985
2,64,5,0.2460181074483054
3,128,1,0.2482113710471562
4,128,3,0.24460924310343607
5,128,5,0.24446181101458414
6,256,1,0.23135138409478323
7,256,3,0.24364517203399114
8,256,5,0.24351593000548227
