run_idx,hidden_size,hidden_layers,val_loss
0,64,1,0.24821643744196212
1,64,3,0.24678967041628702
2,64,5,0.24616417714527675
3,128,1,0.24706761751856124
4,128,3,0.24457141757011414
5,128,5,0.24451044414724624
6,256,1,0.24442288279533386
7,256,3,0.24367516594273703
8,256,5,0.24350881576538086
