run_idx,hidden_size,hidden_layers,val_loss
0,64,1,0.24994270077773503
1,64,3,0.24731470218726567
2,64,5,0.24651641505105154
3,128,1,0.24911188866410935
4,128,3,0.24471944996288844
5,128,5,0.2444570596729006
6,256,1,0.23495931710515702
7,256,3,0.24359891882964543
8,256,5,0.24359925729887827
