run_idx,hidden_size,hidden_layers,val_loss
0,64,1,0.2479590560708727
1,64,3,0.2466924169233867
2,64,5,0.2460682030235018
3,128,1,0.24634964764118195
4,128,3,0.24466167177472795
5,128,5,0.2444621260677065
6,256,1,0.2425167283841542
7,256,3,0.24364628323486873
8,256,5,0.24348018637725286
