run_idx,hidden_size,hidden_layers,val_loss
0,2048,1,0.20715600465025222
1,2048,2,0.2074360634599413
2,4096,1,0.20627199592334883
