run_idx,hidden_size,hidden_layers,val_loss
0,64,1,0.2770089677401951
1,64,3,0.26065728068351746
2,64,5,0.25721931883266996
3,128,1,0.26475387811660767
4,128,3,0.25703899349485126
5,128,5,0.25551448123795645
6,256,1,0.2486680575779506
7,256,3,0.2530727194888251
8,256,5,0.2547580897808075
