run_idx,hidden_size,hidden_layers,val_loss
0,64,1,0.2763186735766275
1,64,3,0.2607967896120889
2,64,5,0.2570565130029406
3,128,1,0.26365738255637033
4,128,3,0.2570149004459381
5,128,5,0.2554824394839151
6,256,1,0.24943092039653234
7,256,3,0.25307812222412657
8,256,5,0.25477348055158344
