run_idx,hidden_size,hidden_layers,val_loss
0,64,1,0.2786529191902706
1,64,3,0.26396394627434866
2,64,5,0.2554228561265128
3,128,1,0.2582985375608717
4,128,3,0.2542504242488316
5,128,5,0.2534278269324984
6,256,1,0.2412109694310597
7,256,3,0.23878871968814305
8,256,5,0.24883989138262613
