run_idx,hidden_size,hidden_layers,val_loss
0,64,1,0.27811114702905926
1,64,3,0.2647671954972403
2,64,5,0.25573262572288513
3,128,1,0.2611545537199293
4,128,3,0.25517620359148296
5,128,5,0.25370887986251284
6,256,1,0.2419958242348262
7,256,3,0.23934745362826756
8,256,5,0.24890915197985514
