run_idx,hidden_size,hidden_layers,val_loss
0,64,1,0.1951957792043686
1,64,3,0.1951957792043686
2,64,5,0.1951957792043686
3,128,1,0.1951957792043686
4,128,3,0.1951957792043686
5,128,5,0.1951957792043686
6,256,1,0.1951957792043686
7,256,3,0.1951957792043686
8,256,5,0.1951957792043686
