run_idx,hidden_size,hidden_layers,val_loss
0,64,1,0.2701904262815203
1,64,3,0.2701904262815203
2,64,5,0.2701904262815203
3,128,1,0.2701904262815203
4,128,3,0.2701904262815203
5,128,5,0.2701904262815203
6,256,1,0.2701904262815203
7,256,3,0.2701904262815203
8,256,5,0.2701904262815203
