run_idx,hidden_size,hidden_layers,val_loss
0,2048,1,0.19461635021226747
1,2048,2,0.19461635021226747
2,4096,1,0.19461635021226747
3,4096,2,0.19461635021226747
